paint_id,brand,line,name,alias,source
49d4dc5c-b030-489c-936a-4f53a1c92c6c,Warhammer Colour,Base,Night Lords Blue,Nightlords Blue,army-painter
d4a76787-85e5-489c-8d63-5aeebb2fc6a9,Warhammer Colour,Base,Warplock Bronze,Warlock Bronze,army-painter
dc1bfd1a-18ba-42b8-acc1-a0094a5d747c,Warhammer Colour,Layer,Pink Horror,Pink Horor,army-painter
8b34accb-f818-4f16-a90c-db4232277793,Warhammer Colour,Base,Macragge Blue,Macagge Blue,army-painter
d7a43a1c-ba33-445d-b84b-26289e5c37c4,Warhammer Colour,Base,Steel Legion Drab,Steel Legion Brown,army-painter
f374eafb-6075-4dad-b093-e6a3b2362b09,Warhammer Colour,Base,Dryad Bark,Dryard Bark,army-painter
006c8ad9-ee3e-47ee-992b-4248b595abcd,Warhammer Colour,Layer,Troll Slayer Orange,Trollslayer Orange,army-painter
6d07e13b-22b8-4aff-a79f-b7d39003cfac,Warhammer Colour,Layer,Administratum Grey,Administorum Grey,army-painter
f29d40f8-71f5-429e-bee3-4ea568b22e4a,Warhammer Colour,Layer,Ushabti Bone,Ushtabi Bone,army-painter
bd0cc2ae-e010-4e46-8df8-3c4eb0be186e,Vallejo,Game Color,Bone White,Bonewhite,army-painter
18fed021-7816-4f8a-ba92-ed59526fdbed,Warhammer Colour,Layer,Krieg Khaki,Kreig Khaki,army-painter
3c3fe068-8364-42e3-856d-19726cb85b19,Vallejo,Game Color,Dead Flesh,Dead Flash,army-painter
bdd9742f-f2bd-4d21-8ec7-190969fc6059,Warhammer Colour,Technical,Lahmian Medium,Lahmium Medium,army-painter
c8caf118-2af3-4f16-8d93-0bddf3f97ab7,Vallejo,Game Color Metallic,Chainmail,Chainmail Silver,army-painter
f39c858e-26cf-4c40-96b3-2fe3c053d2e3,Warhammer Colour,Layer,Runefang Steel,Runefang,army-painter
9c61a8d8-45e1-4ab0-a6a0-b414025ff21f,Warhammer Colour,Layer,Gehenna's Gold,Gehenna Gold,army-painter
8fd8435b-66ad-403d-9ac8-1d7b94271933,Warhammer Colour,Shade,Biel-Tan Green,Beil-Tan Green,army-painter
0bf6936b-8fd1-4403-8e0a-afd6d7dee34e,Warhammer Colour,Shade,Seraphim Sepia,Seraphim,army-painter
fad6327d-2273-4f85-a7ed-da663cdb85ff,Army Painter,Original Warpaints,Daemonic Yellow,Demonic Yelow,dakka
c86e5238-a121-4311-9cd3-6028d7870850,P3 Formula,Colour,Iosan Green,Ioson Green,dakka
4c3c47e4-3831-4010-9456-d8b23f725f40,SFG (discontinued),Formula P3,Iosan Green,Ioson Green,dakka
6a09e56e-faca-4246-a245-27be07dd7b47,P3 Formula,Colour,Sulfuric Yellow,Sulferic yellow,dakka
b73871e6-b6dc-4eab-afd7-6793c1151a90,SFG (discontinued),Formula P3,Sulfuric Yellow,Sulferic yellow,dakka
9a6c33c4-57b7-419b-98b6-6120aa3c905f,Army Painter,Original Warpaints,Blue Tone,Blue Tone Ink,dakka
ec018c4a-3a53-47e6-8dde-eeff8e44d886,Army Painter,Original Warpaints,Red Tone,Red Tone Ink,dakka
acad09c8-a394-4a47-869c-d5433b11530e,Army Painter,Original Warpaints,Dark Tone,Dark Tone Ink,dakka
59d25e32-322d-4def-9d72-77d43e167529,Army Painter,Original Warpaints,Strong Tone,Strong Tone Wash,dakka
27d8f435-9b93-428e-bff5-e4daeaa23b23,Army Painter,Original Warpaints,Soft Tone,Soft Tone Ink,dakka
7acf5333-4ed6-4db1-8367-faa0d08d77dc,Army Painter,Original Warpaints,Purple Tone,Purple Tone Ink,dakka
6b5b1069-5900-4055-84ea-3bc2f13bd18d,Army Painter,Original Warpaints,Green Tone,Green Tone Wash,dakka
03dec7e4-c5a0-4cf3-85b2-9bd2fe60ea5d,Army Painter,Original Warpaints,Military Shader,Military Shade,dakka
7510cc40-be68-44a4-bb71-cced18abc236,Warhammer Colour,Layer,Baharroth Blue,Baharroth Blue Edge,dakka
