paint_id,brand,line,name,old_sku,new_sku,source
98e85d04-1c74-4fc8-86d5-5ef19793a9c8,Army Painter,Original Warpaints,Matt White,AP-WP-MATT-WHITE,WP1102P,mech9
edd8c36a-53b7-467c-9e41-28d64cf6c1d0,Army Painter,Warpaints Air,Matt White,AP-AIR-MATT-WHITE,AW1102P,mech9
87593ff6-471d-493f-9cdb-4bd1d2f21d4c,Army Painter,Original Warpaints,Barbarian Flesh,AP-WP-BARBARIAN-FLESH,WP1126P,mech9
c515fd86-1a19-4c18-903d-da87d836374f,Army Painter,Warpaints Air,Barbarian Flesh,AP-AIR-BARBARIAN-FLESH,AW1126P,mech9
d93cf721-7f9d-4185-becc-09e6073e2c74,Army Painter,Original Warpaints,Amber Skin,AP-WP-AMBER-SKIN,WP8909PF,mech9
584f5c81-68d5-59c5-b8a7-efe432cd5e04,Army Painter,Warpaints Air,Charred Bone,AP-AIR-CHARRED-BONE,AW3125P,mech9
fad6327d-2273-4f85-a7ed-da663cdb85ff,Army Painter,Original Warpaints,Daemonic Yellow,AP-WP-DAEMONIC-YELLOW,WP1107P,mech9
8e25965d-9b02-41e3-ad0f-613ab93917af,Army Painter,Warpaints Air,Daemonic Yellow,AP-AIR-DAEMONIC-YELLOW,AW1107P,mech9
ff9ebb92-35aa-45fc-b3b4-628667649199,Army Painter,Original Warpaints,Lava Orange,AP-WP-LAVA-ORANGE,WP1106P,mech9
92f1efce-8be3-43b8-bc3f-38c172c9035d,Army Painter,Warpaints Air,Lava Orange,AP-AIR-LAVA-ORANGE,AW1106P,mech9
036774aa-4d34-447c-a2c7-7a6c418d6b52,Army Painter,Original Warpaints,Chaotic Red,AP-WP-CHAOTIC-RED,WP1142P,mech9
25ddbc2c-e80e-4cbf-a2e1-58b11c4dd326,Army Painter,Warpaints Air,Chaotic Red,AP-AIR-CHAOTIC-RED,AW1142P,mech9
22505b4a-ca56-429c-a110-ccd2d1c63b86,Army Painter,Original Warpaints,Abomination Gore,AP-WP-ABOMINATION-GORE,WP1401P,mech9
7660c904-b09b-45bd-870e-3f7b0a263e92,Army Painter,Original Warpaints,Dragon Red,AP-WP-DRAGON-RED,WP1105P,mech9
c3ad74fd-fe5a-569d-bae0-a9b05126be8e,Army Painter,Warpaints Air,Fey Pink,AP-AIR-FEY-PINK,AW4447P,mech9
7071f8b8-adf8-4b0d-a4cf-f36c322f9a75,Army Painter,Original Warpaints,Wasteland Soil,AP-WP-WASTELAND-SOIL,WP1463P,mech9
5933b86a-9990-413c-b5aa-3df5ed7e00bf,Army Painter,Original Warpaints,Deep Blue,AP-WP-DEEP-BLUE,WP1116P,mech9
8ea5ebed-5381-4ef6-b574-5a614fcc1a08,Army Painter,Original Warpaints,Griffon Blue,AP-WP-GRIFFON-BLUE,WP1429P,mech9
86e757c1-ed97-4505-afda-39a88746ff8e,Army Painter,Original Warpaints,Dark Sky,AP-WP-DARK-SKY,WP1415P,mech9
9f627ddf-ce85-5117-bad9-cab422251de3,Army Painter,Warpaints Air,Ocean Depths,AP-AIR-OCEAN-DEPTHS,AW3141P,mech9
e2446e8e-5215-4338-8373-6fc5615d21d9,Army Painter,Original Warpaints,Goblin Green,AP-WP-GOBLIN-GREEN,WP1109P,mech9
bcfab0ca-7689-55b2-b25b-34020bc2587d,Army Painter,Warpaints Air,Goblin Green,AP-AIR-GOBLIN-GREEN,AW1109P,mech9
ebb486e1-dd2a-5f99-9b7e-2daaa00d34cc,Army Painter,Warpaints Air,Ruinous Spell,AP-AIR-RUINOUS-SPELL,AW3466P,mech9
fd12aabd-9352-4753-900c-c755585d790f,Army Painter,Original Warpaints,Angel Green,AP-WP-ANGEL-GREEN,WP1112P,mech9
4e6fc2ef-45d6-43d7-8c37-9947e813f834,Army Painter,Warpaints Air,Angel Green,AP-AIR-ANGEL-GREEN,AW1112P,mech9
c5761e6b-2086-4aa6-978b-270dc2dc0e9e,Army Painter,Warpaints Air,Bleached Bone,AP-AIR-BLEACHED-BONE,AW4125P,mech9
292b3ccc-60db-4f8e-bf21-d245fa792514,Army Painter,Original Warpaints,Basilisk Brown,AP-WP-BASILISK-BROWN,WP1405P,mech9
0bd30795-8769-4a57-906e-daabe60da56d,Army Painter,Warpaints Air,Yellow Dune,AP-AIR-YELLOW-DUNE,AW4121P,mech9
3a35bf75-8bf3-41c1-aa14-12fb4fc6fb6f,Army Painter,Original Warpaints,Tanned Flesh,AP-WP-TANNED-FLESH,WP1127P,mech9
e33456b7-fbbe-5e57-999c-c6d4a2528efe,Army Painter,Warpaints Air,Cypress Brown,AP-AIR-CYPRESS-BROWN,AW4124P,mech9
720e4235-48db-4712-98e4-594a693f359c,Army Painter,Original Warpaints,Hardened Carapace,AP-WP-HARDENED-CARAPACE,WP1430P,mech9
6c9003c7-5ac7-5395-8ec0-e8609827c0b5,Army Painter,Warpaints Air,Magnolia Brown,AP-AIR-MAGNOLIA-BROWN,AW3124P,mech9
13a9d534-38f0-4e3c-a859-b54047cc9cd0,Army Painter,Original Warpaints,Gorgon Hide,AP-WP-GORGON-HIDE,WP1428P,mech9
cd958594-cf88-5a89-bfd4-c7254e23d7da,Army Painter,Warpaints Air,Storm Wolf,AP-AIR-STORM-WOLF,AW4119P,mech9
71efe292-b6df-438b-9df4-233567aea5c7,Army Painter,Original Warpaints,Matt Black,AP-WP-MATT-BLACK,WP1101P,mech9
40209b7d-37b2-49c8-883f-dabb100117c8,Army Painter,Warpaints Air,Matt Black,AP-AIR-MATT-BLACK,AW1101P,mech9
8d441ac5-09d1-4063-8a44-5e1aadef03b4,Army Painter,Original Warpaints,Shining Silver,AP-WP-SHINING-SILVER,WP1129P,mech9
d254e781-720b-4512-a314-57c9b8506d49,Army Painter,Original Warpaints,Plate Mail Metal,AP-WP-PLATE-MAIL-METAL,WP1130P,mech9
fcbdb56f-e959-474c-87fb-5a0d780b2dca,Army Painter,Warpaints Air,Plate Mail Metal,AP-AIR-PLATE-MAIL-METAL,AW1130P,mech9
d421c328-8405-4f05-ad80-7a3a6f25b4fc,Army Painter,Original Warpaints,Greedy Gold,AP-WP-GREEDY-GOLD,WP1132P,mech9
1b0dc410-9701-4881-b42a-659b99b5e89f,Army Painter,Original Warpaints,Monster Brown,AP-WP-MONSTER-BROWN,WP1120P,mech9
755ed59e-866f-4034-b0bb-8e69b003c90b,Army Painter,Original Warpaints,Sulfide Ochre,AP-WP-SULFIDE-OCHRE,WP1456P,mech9
19a5ece7-ee4e-4bca-81af-1feb404a2a6a,Army Painter,Warpaints Air,Barren Yellow,AP-AIR-BARREN-YELLOW,AW3121P,mech9
abeda7b5-2f59-409b-beaf-3a31ef24b823,Army Painter,Warpaints Air,Viper Brown,AP-AIR-VIPER-BROWN,AW4122P,mech9
0cb828a1-17f0-426c-aeb9-e787a0368b3a,Army Painter,Original Warpaints,Arid Earth,AP-WP-ARID-EARTH,WP1402P,mech9
3e5ac2af-00f1-4a38-a50f-2ccec0cfef75,Army Painter,Warpaints Air,Cosmic Dust,AP-AIR-COSMIC-DUST,AW4438P,mech9
e7458604-b755-410a-a641-a264ec5cf3e6,Army Painter,Original Warpaints,Oozing Purple,AP-WP-OOZING-PURPLE,WP1445P,mech9
87a4bbf8-cb14-56d7-a31c-747d75979dc1,Army Painter,Warpaints Air,Dark Sky,AP-AIR-DARK-SKY,AW1415P,mech9
b720aaba-3e8e-5d33-9afa-587a936d932f,Army Painter,Warpaints Air,Thunder Storm,AP-AIR-THUNDER-STORM,AW3415P,mech9
9b7c7bbe-b554-455f-aa73-4c0062a5a1ce,Army Painter,Original Warpaints,Kraken Skin,AP-WP-KRAKEN-SKIN,WP1435P,mech9
7a5def41-5b20-5eb5-98a8-79320dc8d061,Army Painter,Warpaints Air,Feral Green,AP-AIR-FERAL-GREEN,AW4111P,mech9
c24a7d2c-db17-4378-8d57-36ec5615a910,Army Painter,Original Warpaints,Leather Brown,AP-WP-LEATHER-BROWN,WP1123P,mech9
951f3efc-fc7c-496a-8a3c-0df0d7e86ecf,Army Painter,Original Warpaints,Vampire Red,AP-WP-VAMPIRE-RED,WP1460P,mech9
a954cac6-8de1-4abd-96b1-d82d7d82f798,Army Painter,Original Warpaints,Venom Wyrm,AP-WP-VENOM-WYRM,WP1461P,mech9
53b1dcf3-40aa-4c44-9244-5ac7a27e6fa7,Army Painter,Original Warpaints,Greenskin,AP-WP-GREENSKIN,WP1111P,mech9
9d025fb0-5f77-45ad-8fff-af710743d7c0,Army Painter,Original Warpaints,Mid Brown,AP-WP-MID-BROWN,WP1469P,mech9
acad09c8-a394-4a47-869c-d5433b11530e,Army Painter,Original Warpaints,Dark Tone,AP-WP-DARK-TONE,WP1136P,mech9
59d25e32-322d-4def-9d72-77d43e167529,Army Painter,Original Warpaints,Strong Tone,AP-WP-STRONG-TONE,WP1135P,mech9
7acf5333-4ed6-4db1-8367-faa0d08d77dc,Army Painter,Original Warpaints,Purple Tone,AP-WP-PURPLE-TONE,WP1140P,mech9
96f4191a-f10c-40e3-9d26-02ff3c5aba5b,Army Painter,Original Warpaints,Wolf Grey,AP-WP-WOLF-GREY,WP1119P,mech9
66982b48-5e99-4d55-ac65-a92aaa4acbf7,Army Painter,Original Warpaints,Centaur Skin,AP-WP-CENTAUR-SKIN,WP1408P,mech9
9ebad678-90a0-405d-b137-e25909fb338a,Army Painter,Original Warpaints,Electric Blue,AP-WP-ELECTRIC-BLUE,WP1113P,mech9
48007495-da6e-5c8b-9228-6996e406bb5b,Army Painter,Warpaints Air,Ionic Blue,AP-AIR-IONIC-BLUE,AW4114P,mech9
b81406de-a9ac-412a-a545-ccbb5b5a771f,Army Painter,Original Warpaints,Mythical Orange,AP-WP-MYTHICAL-ORANGE,WP1442P,mech9
c3a0a78b-79f3-52cf-b055-da9ac2e5e977,Army Painter,Warpaints Air,Archangel Red,AP-AIR-ARCHANGEL-RED,AW4104P,mech9
cf5bebe3-5d52-4b94-a87a-25abd008a46b,Army Painter,Original Warpaints,Dark Stone,AP-WP-DARK-STONE,WP1425P,mech9
1d0ba438-4150-4ee1-88f9-aa07fdbd3f5a,Army Painter,Original Warpaints,Werewolf Fur,AP-WP-WEREWOLF-FUR,WP1464P,mech9
2a1c0e7b-5641-43cc-83f4-b089a048c2bc,Army Painter,Original Warpaints,Uniform Grey,AP-WP-UNIFORM-GREY,WP1118P,mech9
ded0ffe2-b64d-41ea-8b82-d709193b786f,Army Painter,Warpaints Air,Uniform Grey,AP-AIR-UNIFORM-GREY,AW1118P,mech9
ae788fbe-8420-4b30-ae28-2bbe7b5401a0,Army Painter,Original Warpaints,Voidshield Blue,AP-WP-VOIDSHIELD-BLUE,WP1452P,mech9
a1aaccc5-0fdd-40ff-870c-daa59667e554,Army Painter,Original Warpaints,Brainmatter Beige,AP-WP-BRAINMATTER-BEIGE,WP1406P,mech9
65c56efe-572a-4a90-a522-acff47fc0931,Army Painter,Warpaints Air,Greenskin,AP-AIR-GREENSKIN,AW1111P,mech9
5a01e00f-c3a1-445b-9f4b-f89aa0da472b,Army Painter,Original Warpaints,Banshee Brown,AP-WP-BANSHEE-BROWN,WP1404P,mech9
1b43f8c3-0814-49af-a24d-73280b17c055,Army Painter,Warpaints Air,Dragon Red,AP-AIR-DRAGON-RED,AW1105P,mech9
95ce1fa7-8921-46b3-b612-cdaf3cfcebce,Army Painter,Original Warpaints,Field Grey,AP-WP-FIELD-GREY,WP1481P,mech9
009324ab-4a55-4dfb-9b64-c73543541236,Army Painter,Warpaints Air,Greedy Gold,AP-AIR-GREEDY-GOLD,AW1132P,mech9
bb54cf4a-5867-4ca9-a764-e0e4020b1bba,Army Painter,Original Warpaints,Weapon Bronze,AP-WP-WEAPON-BRONZE,WP1133P,mech9
3080c401-a7a3-469d-bdb9-019634365b1d,Army Painter,Warpaints Air,Weapon Bronze,AP-AIR-WEAPON-BRONZE,AW1133P,mech9
