chart,side,brand,line,name,reason
original-warpaints-conversion.csv,target,Vallejo,Game Color,Ultramarine,no unambiguous Vallejo Game Color paint by that name
original-warpaints-conversion.csv,target,Vallejo,Game Color,Andrea Blue,no unambiguous Vallejo Game Color paint by that name
original-warpaints-conversion.csv,target,Vallejo,Game Color,Grey Blue,no unambiguous Vallejo Game Color paint by that name
original-warpaints-conversion.csv,target,Vallejo,Game Color,Ghost Grey,no unambiguous Vallejo Game Color paint by that name
original-warpaints-conversion.csv,target,Vallejo,Game Color,Cold Grey,no unambiguous Vallejo Game Color paint by that name
original-warpaints-conversion.csv,target,Warhammer Colour,,Warpfield Grey,"no Citadel paint named ""Warpfield Grey"""
original-warpaints-conversion.csv,target,Vallejo,Game Color,Cold Grey,no unambiguous Vallejo Game Color paint by that name
original-warpaints-conversion.csv,target,Vallejo,Game Color,Heavy Charcoal,no unambiguous Vallejo Game Color paint by that name
original-warpaints-conversion.csv,target,Vallejo,Game Color,Heavy Brown,no unambiguous Vallejo Game Color paint by that name
original-warpaints-conversion.csv,target,Vallejo,Game Color,Pale Yellow,no unambiguous Vallejo Game Color paint by that name
original-warpaints-conversion.csv,target,Vallejo,Game Color,Pale Yellow,no unambiguous Vallejo Game Color paint by that name
original-warpaints-conversion.csv,target,Warhammer Colour,,Wildrider Red,"no Citadel paint named ""Wildrider Red"""
original-warpaints-conversion.csv,target,Vallejo,Game Color,Heavy Red,no unambiguous Vallejo Game Color paint by that name
original-warpaints-conversion.csv,target,Vallejo,Game Color,Heavy Grey,no unambiguous Vallejo Game Color paint by that name
original-warpaints-conversion.csv,target,Vallejo,Game Color,Heavy Brown,no unambiguous Vallejo Game Color paint by that name
original-warpaints-conversion.csv,target,Warhammer Colour,,Gothor Brown,"no Citadel paint named ""Gothor Brown"""
original-warpaints-conversion.csv,target,Vallejo,Game Color,Heavy Warm Grey,no unambiguous Vallejo Game Color paint by that name
original-warpaints-conversion.csv,target,Vallejo,Game Color,Cold Grey,no unambiguous Vallejo Game Color paint by that name
original-warpaints-conversion.csv,target,Warhammer Colour,,Ceramite White,"no Citadel paint named ""Ceramite White"" (chart prints ""White Scar / Ceramite"")"
original-warpaints-conversion.csv,target,Vallejo,Game Color,Dwarf Skin,no unambiguous Vallejo Game Color paint by that name
original-warpaints-conversion.csv,target,Vallejo,Game Color,Filthy Brown,no unambiguous Vallejo Game Color paint by that name
original-warpaints-conversion.csv,target,Vallejo,Game Color,Heavy Skintone,no unambiguous Vallejo Game Color paint by that name
original-warpaints-conversion.csv,target,Vallejo,Game Color,Yellow Olive,no unambiguous Vallejo Game Color paint by that name
original-warpaints-conversion.csv,target,Vallejo,Game Color,Camo Green,no unambiguous Vallejo Game Color paint by that name
original-warpaints-conversion.csv,target,Vallejo,Game Color,Camo Green,no unambiguous Vallejo Game Color paint by that name
original-warpaints-conversion.csv,target,Vallejo,Game Color,Yellow Olive,no unambiguous Vallejo Game Color paint by that name
original-warpaints-conversion.csv,target,Vallejo,Game Color,Livery Green,no unambiguous Vallejo Game Color paint by that name
original-warpaints-conversion.csv,target,Vallejo,Game Color,Gunmetal,no unambiguous Vallejo Game Color paint by that name
original-warpaints-conversion.csv,target,Vallejo,Game Color,Bright Brass,no unambiguous Vallejo Game Color paint by that name
original-warpaints-conversion.csv,target,Warhammer Colour,,Balthazar Gold,"no Citadel paint named ""Balthazar Gold"""
original-warpaints-conversion.csv,target,Vallejo,Game Color,Green Wash,no unambiguous Vallejo Game Color paint by that name
