section,source_brand,source_line,source_name,source_hex,target_brand,target_line,target_name,match,notes,swatch_x,swatch_y
,Army Painter,Original Warpaints,Wizards Orb,#1E7560,Warhammer Colour,,Kabalite Green,match,,83,144.0
,Army Painter,Original Warpaints,Wizards Orb,#1E7560,Vallejo,,Jade Green,match,,83,144.0
,Army Painter,Original Warpaints,Elemental Bolt,#269577,Warhammer Colour,,Sybarite Green,match,,83,184.3
,Army Painter,Original Warpaints,Elemental Bolt,#269577,Vallejo,,Foul Green,match,,83,184.3
,Army Painter,Original Warpaints,Toxic Mist,#47C5C4,Warhammer Colour,,Temple Guard Blue,match,,83,224.6
,Army Painter,Original Warpaints,Toxic Mist,#47C5C4,,,,no Vallejo match,,83,224.6
,Army Painter,Original Warpaints,Royal Cloak,#259799,Warhammer Colour,,Baharroth Blue,match,,83,264.9
,Army Painter,Original Warpaints,Royal Cloak,#259799,,,,no Vallejo match,,83,264.9
,Army Painter,Original Warpaints,Hydra Turquoise,#26999F,Warhammer Colour,,Thousand Sons Blue,match,,83,305.2
,Army Painter,Original Warpaints,Hydra Turquoise,#26999F,Vallejo,,Turquoise,match,,83,305.2
,Army Painter,Original Warpaints,Deep Blue,#0F3C5A,Warhammer Colour,,Kantor Blue,match,,83,345.5
,Army Painter,Original Warpaints,Deep Blue,#0F3C5A,Vallejo,,Imperial Blue,match,,83,345.5
,Army Painter,Original Warpaints,Griffon Blue,#13427B,Warhammer Colour,,Macagge Blue,match,,83,385.8
,Army Painter,Original Warpaints,Griffon Blue,#13427B,,,,no Vallejo match,,83,385.8
,Army Painter,Original Warpaints,Ultramarine Blue,#0F5286,Warhammer Colour,,Altdorf Guard Blue,match,100% match to the Army Painter Colour Primer of the same name,83,426.1
,Army Painter,Original Warpaints,Ultramarine Blue,#0F5286,Vallejo,,Ultramarine,match,100% match to the Army Painter Colour Primer of the same name,83,426.1
,Army Painter,Original Warpaints,Viking Blue,#0D589C,Warhammer Colour,,Caledor Sky,match,,83,466.4
,Army Painter,Original Warpaints,Viking Blue,#0D589C,Vallejo,,Magic Blue,match,,83,466.4
,Army Painter,Original Warpaints,Electric Blue,#428EC0,Warhammer Colour,,Calgar Blue,match,,83,506.7
,Army Painter,Original Warpaints,Electric Blue,#428EC0,,,,no Vallejo match,,83,506.7
,Army Painter,Original Warpaints,Ice Storm,#58A6D0,Warhammer Colour,,Blue Horror,match,,83,547.0
,Army Painter,Original Warpaints,Ice Storm,#58A6D0,Vallejo,,Glacier Blue,match,,83,547.0
,Army Painter,Original Warpaints,Voidshield Blue,#3DA9DB,Warhammer Colour,,Hoeth Blue,match,,83,587.3
,Army Painter,Original Warpaints,Voidshield Blue,#3DA9DB,Vallejo,,Electric Blue,match,,83,587.3
,Army Painter,Original Warpaints,Troglodyte Blue,#208DC0,Warhammer Colour,,Lothern Blue,match,,83,627.6
,Army Painter,Original Warpaints,Troglodyte Blue,#208DC0,,,,no Vallejo match,,83,627.6
,Army Painter,Original Warpaints,Crystal Blue,#1C7FC3,Warhammer Colour,,Teclis Blue,match,100% match to the Army Painter Colour Primer of the same name,83,667.9
,Army Painter,Original Warpaints,Crystal Blue,#1C7FC3,Vallejo,,Andrea Blue,match,100% match to the Army Painter Colour Primer of the same name,83,667.9
,Army Painter,Original Warpaints,Dark Sky,#2A4D5E,Warhammer Colour,,Kantor Blue,match,,83,708.2
,Army Painter,Original Warpaints,Dark Sky,#2A4D5E,Vallejo,,Imperial Blue,match,,83,708.2
,Army Painter,Original Warpaints,Wolf Grey,#497E91,Warhammer Colour,,Russ Grey,match,100% match to the Army Painter Colour Primer of the same name,83,748.5
,Army Painter,Original Warpaints,Wolf Grey,#497E91,Vallejo,,Sombre Grey,match,100% match to the Army Painter Colour Primer of the same name,83,748.5
,Army Painter,Original Warpaints,Fog Grey,#6E9DB5,Warhammer Colour,,Fenrisian Grey,match,,83,788.8
,Army Painter,Original Warpaints,Fog Grey,#6E9DB5,Vallejo,,Grey Blue,match,,83,788.8
,Army Painter,Original Warpaints,Gorgon Hide,#D1DEEC,Warhammer Colour,,Ulthuan Grey,match,,83,829.1
,Army Painter,Original Warpaints,Gorgon Hide,#D1DEEC,Vallejo,,Ghost Grey,match,,83,829.1
,Army Painter,Original Warpaints,Matt Black,#0C0C0C,Warhammer Colour,,Abaddon Black,match,100% match to the Army Painter Colour Primer of the same name,83,869.4
,Army Painter,Original Warpaints,Matt Black,#0C0C0C,Vallejo,,Black,match,100% match to the Army Painter Colour Primer of the same name,83,869.4
,Army Painter,Original Warpaints,Necromancer Cloak,#30392F,Warhammer Colour,,Eshin Grey,match,,83,909.7
,Army Painter,Original Warpaints,Necromancer Cloak,#30392F,,,,no Vallejo match,,83,909.7
,Army Painter,Original Warpaints,Dungeon Grey,#5D6C72,Warhammer Colour,,Dawnstone,match,,83,950.0
,Army Painter,Original Warpaints,Dungeon Grey,#5D6C72,Vallejo,,Cold Grey,match,,83,950.0
,Army Painter,Original Warpaints,Field Grey,#75837C,Warhammer Colour,,Warpfield Grey,match,,83,990.3
,Army Painter,Original Warpaints,Field Grey,#75837C,,,,no Vallejo match,,83,990.3
,Army Painter,Original Warpaints,Uniform Grey,#51686E,Warhammer Colour,,Dawnstone,match,100% match to the Army Painter Colour Primer of the same name,83,1030.6
,Army Painter,Original Warpaints,Uniform Grey,#51686E,Vallejo,,Cold Grey,match,100% match to the Army Painter Colour Primer of the same name,83,1030.6
,Army Painter,Original Warpaints,Castle Grey,#858B80,Warhammer Colour,,Stormvermin Fur,match,,83,1070.9
,Army Painter,Original Warpaints,Castle Grey,#858B80,Vallejo,,Heavy Charcoal,match,,83,1070.9
,Army Painter,Original Warpaints,Hardened Carapace,#404238,Warhammer Colour,,Skavenblight Dinge,match,,83,1111.2
,Army Painter,Original Warpaints,Hardened Carapace,#404238,,,,no Vallejo match,,83,1111.2
,Army Painter,Original Warpaints,Hemp Rope,#9B7D37,Warhammer Colour,,Balor Brown,match,,228,144.0
,Army Painter,Original Warpaints,Hemp Rope,#9B7D37,Vallejo,,Leather Brown,match,,228,144.0
,Army Painter,Original Warpaints,Monster Brown,#8B5B22,Warhammer Colour,,Baneblade Brown,match,,228,184.3
,Army Painter,Original Warpaints,Monster Brown,#8B5B22,Vallejo,,Heavy Brown,match,,228,184.3
,Army Painter,Original Warpaints,Leather Brown,#824D1E,Warhammer Colour,,Steel Legion Brown,match,100% match to the Army Painter Colour Primer of the same name,228,224.6
,Army Painter,Original Warpaints,Leather Brown,#824D1E,Vallejo,,Earth,match,100% match to the Army Painter Colour Primer of the same name,228,224.6
,Army Painter,Original Warpaints,Dirt Spatter,#62361F,Warhammer Colour,,Mournfang Brown,match,,228,264.9
,Army Painter,Original Warpaints,Dirt Spatter,#62361F,Vallejo,,Beasty Brown,match,,228,264.9
,Army Painter,Original Warpaints,Oak Brown,#402215,Warhammer Colour,,Dryard Bark,match,,228,305.2
,Army Painter,Original Warpaints,Oak Brown,#402215,Vallejo,,Charred Brown,match,,228,305.2
,Army Painter,Original Warpaints,Basilisk Brown,#DB822A,Warhammer Colour,,Zamesi Desert,match,,228,345.5
,Army Painter,Original Warpaints,Basilisk Brown,#DB822A,Vallejo,,Plague Brown,match,,228,345.5
,Army Painter,Original Warpaints,Sulfide Ochre,#D2862B,Warhammer Colour,,Zamesi Desert,match,,228,385.8
,Army Painter,Original Warpaints,Sulfide Ochre,#D2862B,Vallejo,,Plague Brown,match,,228,385.8
,Army Painter,Original Warpaints,Desert Yellow,#C99F32,Warhammer Colour,,Zandri Dust,match,100% match to the Army Painter Colour Primer of the same name,228,426.1
,Army Painter,Original Warpaints,Desert Yellow,#C99F32,Vallejo,,Khaki,match,100% match to the Army Painter Colour Primer of the same name,228,426.1
,Army Painter,Original Warpaints,Moon Dust,#EED46E,Warhammer Colour,,Hexos Palesun/ Dorn Yellow,match,,228,466.4
,Army Painter,Original Warpaints,Moon Dust,#EED46E,Vallejo,,Pale Yellow,match,,228,466.4
,Army Painter,Original Warpaints,Arid Earth,#FFF0C9,Warhammer Colour,,Dorn Yellow,match,,228,506.7
,Army Painter,Original Warpaints,Arid Earth,#FFF0C9,Vallejo,,Pale Yellow,match,,228,506.7
,Army Painter,Original Warpaints,Babe Blonde,#FFD83C,,,,no Citadel match,,228,547.0
,Army Painter,Original Warpaints,Babe Blonde,#FFD83C,Vallejo,,Moon Yellow,match,,228,547.0
,Army Painter,Original Warpaints,Daemonic Yellow,#FFD438,Warhammer Colour,,Flash Gitz Yellow,match,100% match to the Army Painter Colour Primer of the same name,228,587.3
,Army Painter,Original Warpaints,Daemonic Yellow,#FFD438,Vallejo,,Sun Yellow,match,100% match to the Army Painter Colour Primer of the same name,228,587.3
,Army Painter,Original Warpaints,Phoenix Flames,#FF9F2B,Warhammer Colour,,Yriel Yellow,match,,228,627.6
,Army Painter,Original Warpaints,Phoenix Flames,#FF9F2B,Vallejo,,Gold Yellow,match,,228,627.6
,Army Painter,Original Warpaints,Fire Lizard,#E66B24,Warhammer Colour,,Jokaero Orange,match,,228,667.9
,Army Painter,Original Warpaints,Fire Lizard,#E66B24,Vallejo,,Scrofulous Brown,match,,228,667.9
,Army Painter,Original Warpaints,Lava Orange,#F5471C,Warhammer Colour,,Trollslayer Orange,match,,228,708.2
,Army Painter,Original Warpaints,Lava Orange,#F5471C,Vallejo,,Hot Orange,match,,228,708.2
,Army Painter,Original Warpaints,Mythical Orange,#F83619,Warhammer Colour,,Fire Dragon Bright,match,,228,748.5
,Army Painter,Original Warpaints,Mythical Orange,#F83619,Vallejo,,Orange Fire,match,,228,748.5
,Army Painter,Original Warpaints,Mars Red,#C4392F,Warhammer Colour,,Wildrider Red,match,,228,788.8
,Army Painter,Original Warpaints,Mars Red,#C4392F,,,,no Vallejo match,,228,788.8
,Army Painter,Original Warpaints,Pure Red,#DF2B1A,Warhammer Colour,,Evil Sunz Scarlet,match,100% match to the Army Painter Colour Primer of the same name,228,829.1
,Army Painter,Original Warpaints,Pure Red,#DF2B1A,Vallejo,,Bloody Red,match,100% match to the Army Painter Colour Primer of the same name,228,829.1
,Army Painter,Original Warpaints,Dragon Red,#A32118,Warhammer Colour,,Wazdakka Red,match,,228,869.4
,Army Painter,Original Warpaints,Dragon Red,#A32118,Vallejo,,Gory Red,match,,228,869.4
,Army Painter,Original Warpaints,Abomination Gore,#AE2F20,Warhammer Colour,,Khorne Red,match,,228,909.7
,Army Painter,Original Warpaints,Abomination Gore,#AE2F20,Vallejo,,Scarlet Red,match,,228,909.7
,Army Painter,Original Warpaints,Vampire Red,#A12024,Warhammer Colour,,Mephiston Red,match,,228,950.0
,Army Painter,Original Warpaints,Vampire Red,#A12024,Vallejo,,Heavy Red,match,,228,950.0
,Army Painter,Original Warpaints,Chaotic Red,#6F2114,,,,no Citadel match,100% match to the Army Painter Colour Primer of the same name,228,990.3
,Army Painter,Original Warpaints,Chaotic Red,#6F2114,,,,no Vallejo match,100% match to the Army Painter Colour Primer of the same name,228,990.3
,Army Painter,Original Warpaints,Crusted Sore,#631A1F,Warhammer Colour,,Khorne Red,match,,228,1030.6
,Army Painter,Original Warpaints,Crusted Sore,#631A1F,,,,no Vallejo match,,228,1030.6
,Army Painter,Original Warpaints,Wasteland Soil,#734656,Warhammer Colour,,Screamer Pink,match,,228,1070.9
,Army Painter,Original Warpaints,Wasteland Soil,#734656,Vallejo,,Warlord Purple,match,,228,1070.9
,Army Painter,Original Warpaints,Grimoire Purple,#775453,Warhammer Colour,,Warpfiend Grey/ Daemonette Hide,match,,228,1111.2
,Army Painter,Original Warpaints,Grimoire Purple,#775453,Vallejo,,Hexed Lichen,match,,228,1111.2
,Army Painter,Original Warpaints,Dark Stone,#575650,Warhammer Colour,,Mechanicus Standard Grey,match,,373,144.0
,Army Painter,Original Warpaints,Dark Stone,#575650,Vallejo,,Heavy Grey,match,,373,144.0
,Army Painter,Original Warpaints,Cultist Robe,#707362,Warhammer Colour,,Baneblade Brown,match,,373,184.3
,Army Painter,Original Warpaints,Cultist Robe,#707362,Vallejo,,Heavy Brown,match,,373,184.3
,Army Painter,Original Warpaints,Werewolf Fur,#76624E,Warhammer Colour,,Gothor Brown,match,,373,224.6
,Army Painter,Original Warpaints,Werewolf Fur,#76624E,,,,no Vallejo match,,373,224.6
,Army Painter,Original Warpaints,Banshee Brown,#C9BBA0,Warhammer Colour,,Rakarth Flesh,match,,373,264.9
,Army Painter,Original Warpaints,Banshee Brown,#C9BBA0,Vallejo,,Heavy Warm Grey,match,,373,264.9
,Army Painter,Original Warpaints,Brainmatter Beige,#F6F6E7,Warhammer Colour,,Screaming Skull,match,,373,305.2
,Army Painter,Original Warpaints,Brainmatter Beige,#F6F6E7,Vallejo,,Off-White,match,,373,305.2
,Army Painter,Original Warpaints,Spaceship Exterior,#D7DDDC,Warhammer Colour,,Ulthuan Grey,match,,373,345.5
,Army Painter,Original Warpaints,Spaceship Exterior,#D7DDDC,Vallejo,,Cold Grey,match,,373,345.5
,Army Painter,Original Warpaints,Stone Golem,#C1C9C1,Warhammer Colour,,Pallid Wych Flesh,match,,373,385.8
,Army Painter,Original Warpaints,Stone Golem,#C1C9C1,,,,no Vallejo match,,373,385.8
,Army Painter,Original Warpaints,Matt White,#FFFFFF,Warhammer Colour,,White Scar / Ceramite,match,100% match to the Army Painter Colour Primer of the same name,373,426.1
,Army Painter,Original Warpaints,Matt White,#FFFFFF,Vallejo,,Dead White,match,100% match to the Army Painter Colour Primer of the same name,373,426.1
,Army Painter,Original Warpaints,Ash Grey,#9FA9A3,Warhammer Colour,,Administorum Grey,match,,373,466.4
,Army Painter,Original Warpaints,Ash Grey,#9FA9A3,Vallejo,,Stonewall Grey,match,,373,466.4
,Army Painter,Original Warpaints,Mutant Hue,#AB8C8E,,,,no Citadel match,,373,506.7
,Army Painter,Original Warpaints,Mutant Hue,#AB8C8E,,,,no Vallejo match,,373,506.7
,Army Painter,Original Warpaints,Oozing Purple,#ADA1BE,Warhammer Colour,,Genestealer Purple,match,,373,547.0
,Army Painter,Original Warpaints,Oozing Purple,#ADA1BE,,,,no Vallejo match,,373,547.0
,Army Painter,Original Warpaints,Orc Blood,#8B477E,,,,no Citadel match,,373,587.3
,Army Painter,Original Warpaints,Orc Blood,#8B477E,,,,no Vallejo match,,373,587.3
,Army Painter,Original Warpaints,Alien Purple,#312371,Warhammer Colour,,Xereus Purple,match,100% match to the Army Painter Colour Primer of the same name,373,627.6
,Army Painter,Original Warpaints,Alien Purple,#312371,Vallejo,,Royal Purple,match,100% match to the Army Painter Colour Primer of the same name,373,627.6
,Army Painter,Original Warpaints,Warlock Purple,#AF396B,Warhammer Colour,,Pink Horror,match,,373,667.9
,Army Painter,Original Warpaints,Warlock Purple,#AF396B,,,,no Vallejo match,,373,667.9
,Army Painter,Original Warpaints,Pixie Pink,#DF7984,Warhammer Colour,,Emperors Children,match,,373,708.2
,Army Painter,Original Warpaints,Pixie Pink,#DF7984,Vallejo,,Squid Pink,match,,373,708.2
,Army Painter,Original Warpaints,Centaur Skin,#E8B3A6,Warhammer Colour,,Fulgrim Pink,match,,373,748.5
,Army Painter,Original Warpaints,Centaur Skin,#E8B3A6,,,,no Vallejo match,,373,748.5
,Army Painter,Original Warpaints,Scar Tissue,#D78B73,Warhammer Colour,,Bugman’s Glow,match,,373,788.8
,Army Painter,Original Warpaints,Scar Tissue,#D78B73,Vallejo,,Tan,match,,373,788.8
,Army Painter,Original Warpaints,Tanned Flesh,#C66C4E,Warhammer Colour,,Ratskin Flesh,match,,373,829.1
,Army Painter,Original Warpaints,Tanned Flesh,#C66C4E,Vallejo,,Dwarf Skin,match,,373,829.1
,Army Painter,Original Warpaints,Fur Brown,#AC381B,Warhammer Colour,,Skrag Brown,match,100% match to the Army Painter Colour Primer of the same name,373,869.4
,Army Painter,Original Warpaints,Fur Brown,#AC381B,Vallejo,,Parasite Brown,match,100% match to the Army Painter Colour Primer of the same name,373,869.4
,Army Painter,Original Warpaints,Troll Claws,#D8863A,Warhammer Colour,,Tau Light Ochre,match,,373,909.7
,Army Painter,Original Warpaints,Troll Claws,#D8863A,Vallejo,,Filthy Brown,match,,373,909.7
,Army Painter,Original Warpaints,Barbarian Flesh,#F59955,Warhammer Colour,,Bestigor Flesh,match,100% match to the Army Painter Colour Primer of the same name,373,950.0
,Army Painter,Original Warpaints,Barbarian Flesh,#F59955,Vallejo,,Scrofulous Brown,match,100% match to the Army Painter Colour Primer of the same name,373,950.0
,Army Painter,Original Warpaints,Kobold Skin,#D3AD89,Warhammer Colour,,Cadian Fleshtone,match,,373,990.3
,Army Painter,Original Warpaints,Kobold Skin,#D3AD89,Vallejo,,Heavy Skintone,match,,373,990.3
,Army Painter,Original Warpaints,Elven Flesh,#FFBE94,Warhammer Colour,,Kislev/Ungor Flesh,match,,373,1030.6
,Army Painter,Original Warpaints,Elven Flesh,#FFBE94,Vallejo,,Pale Flesh,match,,373,1030.6
,Army Painter,Original Warpaints,Corpse Pale,#F5D2B2,Warhammer Colour,,Flayed One Flesh,match,,373,1070.9
,Army Painter,Original Warpaints,Corpse Pale,#F5D2B2,Vallejo,,Elfic Flesh,match,,373,1070.9
,Army Painter,Original Warpaints,Toxic Boils,#A76A81,Warhammer Colour,,Slaanesh Grey,match,,373,1111.2
,Army Painter,Original Warpaints,Toxic Boils,#A76A81,,,,no Vallejo match,,373,1111.2
,Army Painter,Original Warpaints,Skeleton Bone,#D6CC9E,Warhammer Colour,,Ushtabi Bone,match,100% match to the Army Painter Colour Primer of the same name,517,144.0
,Army Painter,Original Warpaints,Skeleton Bone,#D6CC9E,Vallejo,,Bone White,match,100% match to the Army Painter Colour Primer of the same name,517,144.0
,Army Painter,Original Warpaints,Mummy Robes,#EDE1DA,Warhammer Colour,,Pallid Wych Flesh,match,,517,184.3
,Army Painter,Original Warpaints,Mummy Robes,#EDE1DA,,,,no Vallejo match,,517,184.3
,Army Painter,Original Warpaints,Drake Tooth,#D4D6BE,Warhammer Colour,,Screaming Skull,match,,517,224.6
,Army Painter,Original Warpaints,Drake Tooth,#D4D6BE,Vallejo,,Bonewhite,match,,517,224.6
,Army Painter,Original Warpaints,Necrotic Flesh,#B6C690,Warhammer Colour,,Kreig Khaki,match,100% match to the Army Painter Colour Primer of the same name,517,264.9
,Army Painter,Original Warpaints,Necrotic Flesh,#B6C690,Vallejo,,Dead Flash,match,100% match to the Army Painter Colour Primer of the same name,517,264.9
,Army Painter,Original Warpaints,Combat Fatigues,#81905B,Warhammer Colour,,Nurgling Green,match,,517,305.2
,Army Painter,Original Warpaints,Combat Fatigues,#81905B,Vallejo,,Dead Flesh,match,,517,305.2
,Army Painter,Original Warpaints,Venom Wyrm,#63653C,Warhammer Colour,,Death Guard Green,match,,517,345.5
,Army Painter,Original Warpaints,Venom Wyrm,#63653C,Vallejo,,Yellow Olive,match,,517,345.5
,Army Painter,Original Warpaints,Filthy Cape,#797959,Warhammer Colour,,Stormvermin Fur,match,,517,385.8
,Army Painter,Original Warpaints,Filthy Cape,#797959,,,,no Vallejo match,,517,385.8
,Army Painter,Original Warpaints,Crypt Wraith,#575F4A,Warhammer Colour,,Castellan Green,match,,517,426.1
,Army Painter,Original Warpaints,Crypt Wraith,#575F4A,Vallejo,,Cayman Green,match,,517,426.1
,Army Painter,Original Warpaints,Elf Green,#495121,Warhammer Colour,,Deathworld Forest,match,,517,466.4
,Army Painter,Original Warpaints,Elf Green,#495121,Vallejo,,Camo Green,match,,517,466.4
,Army Painter,Original Warpaints,Commando Green,#838034,Warhammer Colour,,Elysian Green,match,,517,506.7
,Army Painter,Original Warpaints,Commando Green,#838034,Vallejo,,Camo Green,match,,517,506.7
,Army Painter,Original Warpaints,Witch Brew,#8F973D,Warhammer Colour,,Ogryn Camo,match,,517,547.0
,Army Painter,Original Warpaints,Witch Brew,#8F973D,,,,no Vallejo match,,517,547.0
,Army Painter,Original Warpaints,Scaly Hide,#7E973D,Warhammer Colour,,Kreig Khaki,match,,517,587.3
,Army Painter,Original Warpaints,Scaly Hide,#7E973D,,,,no Vallejo match,,517,587.3
,Army Painter,Original Warpaints,Goblin Green,#41963F,Warhammer Colour,,Warboss Green,match,100% match to the Army Painter Colour Primer of the same name,517,627.6
,Army Painter,Original Warpaints,Goblin Green,#41963F,Vallejo,,Goblin Green,match,100% match to the Army Painter Colour Primer of the same name,517,627.6
,Army Painter,Original Warpaints,Kraken Skin,#6CC789,Warhammer Colour,,Gauss Blaster Green,match,,517,667.9
,Army Painter,Original Warpaints,Kraken Skin,#6CC789,,,,no Vallejo match,,517,667.9
,Army Painter,Original Warpaints,Greenskin,#1F6831,Warhammer Colour,,Warpstone Glow,match,100% match to the Army Painter Colour Primer of the same name,517,708.2
,Army Painter,Original Warpaints,Greenskin,#1F6831,Vallejo,,Sick Green,match,100% match to the Army Painter Colour Primer of the same name,517,708.2
,Army Painter,Original Warpaints,Angel Green,#1B341D,Warhammer Colour,,Caliban Green,match,100% match to the Army Painter Colour Primer of the same name,517,748.5
,Army Painter,Original Warpaints,Angel Green,#1B341D,Vallejo,,Sick Green,match,100% match to the Army Painter Colour Primer of the same name,517,748.5
,Army Painter,Original Warpaints,Mouldy Clothes,#387835,Warhammer Colour,,Skarsnik Green,match,,517,788.8
,Army Painter,Original Warpaints,Mouldy Clothes,#387835,Vallejo,,Scorpy Green,match,,517,788.8
,Army Painter,Original Warpaints,Army Green,#4F7434,Warhammer Colour,,Straken Green,match,100% match to the Army Painter Colour Primer of the same name,517,829.1
,Army Painter,Original Warpaints,Army Green,#4F7434,Vallejo,,Yellow Olive,match,100% match to the Army Painter Colour Primer of the same name,517,829.1
,Army Painter,Original Warpaints,Snake Scales,#86B340,Warhammer Colour,,Moot Green,match,,517,869.4
,Army Painter,Original Warpaints,Snake Scales,#86B340,Vallejo,,Scorpy Green,match,,517,869.4
,Army Painter,Original Warpaints,Jungle Green,#88AF3F,Warhammer Colour,,Niblet Green,match,,517,909.7
,Army Painter,Original Warpaints,Jungle Green,#88AF3F,Vallejo,,Livery Green,match,,517,909.7
,Army Painter,Original Warpaints,Poisonous Cloud,#D0D943,,,,no Citadel match,,517,950.0
,Army Painter,Original Warpaints,Poisonous Cloud,#D0D943,Vallejo,,Fluo Yellow/ Fluo Green,match,,517,950.0
,Army Painter,Original Warpaints,Dry Rust,#C25724,Warhammer Colour,,Ryza Rust,match,,517,990.3
,Army Painter,Original Warpaints,Dry Rust,#C25724,Vallejo,,Rust/ Dry Rust,match,,517,990.3
,Army Painter,Original Warpaints,Glistening Blood,#C42D1D,Warhammer Colour,,Blood For The Blood God,match,,517,1030.6
,Army Painter,Original Warpaints,Glistening Blood,#C42D1D,Vallejo,,Fresh Blood,match,,517,1030.6
,Army Painter,Original Warpaints,Wet Mud,#94572F,Warhammer Colour,,Typhus Corrosion,match,,517,1070.9
,Army Painter,Original Warpaints,Wet Mud,#94572F,,,,no Vallejo match,,517,1070.9
,Army Painter,Original Warpaints,Disgusting Slime,#BDA737,Warhammer Colour,,Nurgle’s Rot,match,,517,1111.2
,Army Painter,Original Warpaints,Disgusting Slime,#BDA737,Vallejo,,Vomit,match,,517,1111.2
,Army Painter,Original Warpaints,Brush-On Primer,#9AA6A4,,,,no Citadel match,,661,144.0
,Army Painter,Original Warpaints,Brush-On Primer,#9AA6A4,,,,no Vallejo match,,661,144.0
,Army Painter,Original Warpaints,Warpaints Mixing Medium,#E4E7E6,Warhammer Colour,,Lahmium Medium,match,,661,184.3
,Army Painter,Original Warpaints,Warpaints Mixing Medium,#E4E7E6,,,,no Vallejo match,,661,184.3
,Army Painter,Original Warpaints,Quickshade Wash Mixing Medium,#E4E7E7,Warhammer Colour,,Lahmium Medium,match,,661,224.6
,Army Painter,Original Warpaints,Quickshade Wash Mixing Medium,#E4E7E7,,,,no Vallejo match,,661,224.6
,Army Painter,Original Warpaints,Anti-Shine Matt Varnish,#E4E7E6,,,,no Citadel match,100% match to the Army Painter Colour Primer of the same name,661,264.9
,Army Painter,Original Warpaints,Anti-Shine Matt Varnish,#E4E7E6,,,,no Vallejo match,100% match to the Army Painter Colour Primer of the same name,661,264.9
,Army Painter,Original Warpaints,Gloss Varnish,#E4E7E6,Warhammer Colour,,Ardcoat,match,,661,305.2
,Army Painter,Original Warpaints,Gloss Varnish,#E4E7E6,,,,no Vallejo match,,661,305.2
,Army Painter,Original Warpaints,Rough Iron,#251414,Warhammer Colour,,Warlock Bronze,match,,661,345.5
,Army Painter,Original Warpaints,Rough Iron,#251414,Vallejo,,Tinny Tin,match,,661,345.5
,Army Painter,Original Warpaints,Gun Metal,#636B69,Warhammer Colour,,Leadbelcher,match,100% match to the Army Painter Colour Primer of the same name,661,385.8
,Army Painter,Original Warpaints,Gun Metal,#636B69,Vallejo,,Gunmetal,match,100% match to the Army Painter Colour Primer of the same name,661,385.8
,Army Painter,Original Warpaints,Plate Mail Metal,#7B8684,Warhammer Colour,,Ironbreaker,match,100% match to the Army Painter Colour Primer of the same name,661,426.1
,Army Painter,Original Warpaints,Plate Mail Metal,#7B8684,Vallejo,,Chainmail Silver,match,100% match to the Army Painter Colour Primer of the same name,661,426.1
,Army Painter,Original Warpaints,Shining Silver,#ABB4B2,Warhammer Colour,,Runefang/Stormhost Silver,match,,661,466.4
,Army Painter,Original Warpaints,Shining Silver,#ABB4B2,Vallejo,,Silver,match,,661,466.4
,Army Painter,Original Warpaints,Weapon Bronze,#D85521,Warhammer Colour,,Brass Scorpion,match,,661,506.7
,Army Painter,Original Warpaints,Weapon Bronze,#D85521,Vallejo,,Bright Brass,match,,661,506.7
,Army Painter,Original Warpaints,True Copper,#E97534,Warhammer Colour,,Balthazar Gold,match,,661,547.0
,Army Painter,Original Warpaints,True Copper,#E97534,Vallejo,,Hammered Copper,match,,661,547.0
,Army Painter,Original Warpaints,Greedy Gold,#D87928,Warhammer Colour,,Gehenna Gold,match,,661,587.3
,Army Painter,Original Warpaints,Greedy Gold,#D87928,Vallejo,,Glorious Gold,match,,661,587.3
,Army Painter,Original Warpaints,Bright Gold,#C68C2D,Warhammer Colour,,Auric Armour Gold,match,,661,627.6
,Army Painter,Original Warpaints,Bright Gold,#C68C2D,Vallejo,,Polished Gold,match,,661,627.6
,Army Painter,Original Warpaints,Red Tone,#451B17,Warhammer Colour,,Carroburg Crimson,match,,661,667.9
,Army Painter,Original Warpaints,Red Tone,#451B17,Vallejo,,Red Wash,match,,661,667.9
,Army Painter,Original Warpaints,Flesh Wash,#451B17,Warhammer Colour,,Reikland Fleshshade,match,,661,708.2
,Army Painter,Original Warpaints,Flesh Wash,#451B17,Vallejo,,Flesh Wash,match,,661,708.2
,Army Painter,Original Warpaints,Light Tone,#C07729,Warhammer Colour,,Seraphim Sepia,match,,661,748.5
,Army Painter,Original Warpaints,Light Tone,#C07729,Vallejo,,Sepia Wash,match,,661,748.5
,Army Painter,Original Warpaints,Dark Tone,#0C0D0D,Warhammer Colour,,Nuln Oil,match,,661,788.8
,Army Painter,Original Warpaints,Dark Tone,#0C0D0D,Vallejo,,Black Wash,match,,661,788.8
,Army Painter,Original Warpaints,Mid Brown,#985722,Warhammer Colour,,Agrax/ Reikland,match,,661,829.1
,Army Painter,Original Warpaints,Mid Brown,#985722,Vallejo,,Umber Wash,match,,661,829.1
,Army Painter,Original Warpaints,Strong Tone,#322618,Warhammer Colour,,Agrax Earthshade,match,,661,869.4
,Army Painter,Original Warpaints,Strong Tone,#322618,Vallejo,,Umber Wash,match,,661,869.4
,Army Painter,Original Warpaints,Purple Tone,#201C4D,Warhammer Colour,,Druchii Violet,match,,661,909.7
,Army Painter,Original Warpaints,Purple Tone,#201C4D,,,,no Vallejo match,,661,909.7
,Army Painter,Original Warpaints,Green Tone,#1D2D1C,Warhammer Colour,,Beil-Tan Green,match,,661,950.0
,Army Painter,Original Warpaints,Green Tone,#1D2D1C,Vallejo,,Green Wash,match,,661,950.0
,Army Painter,Original Warpaints,Military Shader,#49642A,Warhammer Colour,,Athonian Camoshade,match,,661,990.3
,Army Painter,Original Warpaints,Military Shader,#49642A,,,,no Vallejo match,,661,990.3
,Army Painter,Original Warpaints,Blue Tone,#112844,Warhammer Colour,,Drakenhof Nightshade,match,,661,1030.6
,Army Painter,Original Warpaints,Blue Tone,#112844,Vallejo,,Blue Wash,match,,661,1030.6
,Army Painter,Original Warpaints,Soft Tone,#51271A,Warhammer Colour,,Seraphim/Agrax,match,,661,1070.9
,Army Painter,Original Warpaints,Soft Tone,#51271A,Vallejo,,Sepia/Umber Wash,match,,661,1070.9
