warpaints	citadel_printed	vallejo_printed	primer_100	column	row
Wizards Orb	Kabalite Green	Jade Green		0	0
Elemental Bolt	Sybarite Green	Foul Green		0	1
Toxic Mist	Temple Guard Blue	N/A		0	2
Royal Cloak	Baharroth Blue	N/A		0	3
Hydra Turquoise	Thousand Sons Blue	Turquoise		0	4
Deep Blue	Kantor Blue	Imperial Blue		0	5
Griffon Blue	Macagge Blue	N/A		0	6
Ultramarine Blue	Altdorf Guard Blue	Ultramarine	yes	0	7
Viking Blue	Caledor Sky	Magic Blue		0	8
Electric Blue	Calgar Blue	N/A		0	9
Ice Storm	Blue Horror	Glacier Blue		0	10
Voidshield Blue	Hoeth Blue	Electric Blue		0	11
Troglodyte Blue	Lothern Blue	N/A		0	12
Crystal Blue	Teclis Blue	Andrea Blue	yes	0	13
Dark Sky	Kantor Blue	Imperial Blue		0	14
Wolf Grey	Russ Grey	Sombre Grey	yes	0	15
Fog Grey	Fenrisian Grey	Grey Blue		0	16
Gorgon Hide	Ulthuan Grey	Ghost Grey		0	17
Matt Black	Abaddon Black	Black	yes	0	18
Necromancer Cloak	Eshin Grey	N/A		0	19
Dungeon Grey	Dawnstone	Cold Grey		0	20
Field Grey	Warpfield Grey	N/A		0	21
Uniform Grey	Dawnstone	Cold Grey	yes	0	22
Castle Grey	Stormvermin Fur	Heavy Charcoal		0	23
Hardened Carapace	Skavenblight Dinge	N/A		0	24
Hemp Rope	Balor Brown	Leather Brown		1	0
Monster Brown	Baneblade Brown	Heavy Brown		1	1
Leather Brown	Steel Legion Brown	Earth	yes	1	2
Dirt Spatter	Mournfang Brown	Beasty Brown		1	3
Oak Brown	Dryard Bark	Charred Brown		1	4
Basilisk Brown	Zamesi Desert	Plague Brown		1	5
Sulfide Ochre	Zamesi Desert	Plague Brown		1	6
Desert Yellow	Zandri Dust	Khaki	yes	1	7
Moon Dust	Hexos Palesun/ Dorn Yellow	Pale Yellow		1	8
Arid Earth	Dorn Yellow	Pale Yellow		1	9
Babe Blonde	N/A	Moon Yellow		1	10
Daemonic Yellow	Flash Gitz Yellow	Sun Yellow	yes	1	11
Phoenix Flames	Yriel Yellow	Gold Yellow		1	12
Fire Lizard	Jokaero Orange	Scrofulous Brown		1	13
Lava Orange	Trollslayer Orange	Hot Orange		1	14
Mythical Orange	Fire Dragon Bright	Orange Fire		1	15
Mars Red	Wildrider Red	N/A		1	16
Pure Red	Evil Sunz Scarlet	Bloody Red	yes	1	17
Dragon Red	Wazdakka Red	Gory Red		1	18
Abomination Gore	Khorne Red	Scarlet Red		1	19
Vampire Red	Mephiston Red	Heavy Red		1	20
Chaotic Red	N/A	N/A	yes	1	21
Crusted Sore	Khorne Red	N/A		1	22
Wasteland Soil	Screamer Pink	Warlord Purple		1	23
Grimoire Purple	Warpfiend Grey/ Daemonette Hide	Hexed Lichen		1	24
Dark Stone	Mechanicus Standard Grey	Heavy Grey		2	0
Cultist Robe	Baneblade Brown	Heavy Brown		2	1
Werewolf Fur	Gothor Brown	N/A		2	2
Banshee Brown	Rakarth Flesh	Heavy Warm Grey		2	3
Brainmatter Beige	Screaming Skull	Off-White		2	4
Spaceship Exterior	Ulthuan Grey	Cold Grey		2	5
Stone Golem	Pallid Wych Flesh	N/A		2	6
Matt White	White Scar / Ceramite	Dead White	yes	2	7
Ash Grey	Administorum Grey	Stonewall Grey		2	8
Mutant Hue	N/A	N/A		2	9
Oozing Purple	Genestealer Purple	N/A		2	10
Orc Blood	N/A	N/A		2	11
Alien Purple	Xereus Purple	Royal Purple	yes	2	12
Warlock Purple	Pink Horror	N/A		2	13
Pixie Pink	Emperors Children	Squid Pink		2	14
Centaur Skin	Fulgrim Pink	N/A		2	15
Scar Tissue	Bugman’s Glow	Tan		2	16
Tanned Flesh	Ratskin Flesh	Dwarf Skin		2	17
Fur Brown	Skrag Brown	Parasite Brown	yes	2	18
Troll Claws	Tau Light Ochre	Filthy Brown		2	19
Barbarian Flesh	Bestigor Flesh	Scrofulous Brown	yes	2	20
Kobold Skin	Cadian Fleshtone	Heavy Skintone		2	21
Elven Flesh	Kislev/Ungor Flesh	Pale Flesh		2	22
Corpse Pale	Flayed One Flesh	Elfic Flesh		2	23
Toxic Boils	Slaanesh Grey	N/A		2	24
Skeleton Bone	Ushtabi Bone	Bone White	yes	3	0
Mummy Robes	Pallid Wych Flesh	N/A		3	1
Drake Tooth	Screaming Skull	Bonewhite		3	2
Necrotic Flesh	Kreig Khaki	Dead Flash	yes	3	3
Combat Fatigues	Nurgling Green	Dead Flesh		3	4
Venom Wyrm	Death Guard Green	Yellow Olive		3	5
Filthy Cape	Stormvermin Fur	N/A		3	6
Crypt Wraith	Castellan Green	Cayman Green		3	7
Elf Green	Deathworld Forest	Camo Green		3	8
Commando Green	Elysian Green	Camo Green		3	9
Witch Brew	Ogryn Camo	N/A		3	10
Scaly Hide	Kreig Khaki	N/A		3	11
Goblin Green	Warboss Green	Goblin Green	yes	3	12
Kraken Skin	Gauss Blaster Green	N/A		3	13
Greenskin	Warpstone Glow	Sick Green	yes	3	14
Angel Green	Caliban Green	Sick Green	yes	3	15
Mouldy Clothes	Skarsnik Green	Scorpy Green		3	16
Army Green	Straken Green	Yellow Olive	yes	3	17
Snake Scales	Moot Green	Scorpy Green		3	18
Jungle Green	Niblet Green	Livery Green		3	19
Poisonous Cloud	N/A	Fluo Yellow/ Fluo Green		3	20
Dry Rust	Ryza Rust	Rust/ Dry Rust		3	21
Glistening Blood	Blood For The Blood God	Fresh Blood		3	22
Wet Mud	Typhus Corrosion	N/A		3	23
Disgusting Slime	Nurgle’s Rot	Vomit		3	24
Brush-On Primer	N/A	N/A		4	0
Warpaints Mixing Medium	Lahmium Medium	N/A		4	1
Quickshade Wash Mixing Medium	Lahmium Medium	N/A		4	2
Anti-Shine Matt Varnish	N/A	N/A	yes	4	3
Gloss Varnish	Ardcoat	N/A		4	4
Rough Iron	Warlock Bronze	Tinny Tin		4	5
Gun Metal	Leadbelcher	Gunmetal	yes	4	6
Plate Mail Metal	Ironbreaker	Chainmail Silver	yes	4	7
Shining Silver	Runefang/Stormhost Silver	Silver		4	8
Weapon Bronze	Brass Scorpion	Bright Brass		4	9
True Copper	Balthazar Gold	Hammered Copper		4	10
Greedy Gold	Gehenna Gold	Glorious Gold		4	11
Bright Gold	Auric Armour Gold	Polished Gold		4	12
Red Tone	Carroburg Crimson	Red Wash		4	13
Flesh Wash	Reikland Fleshshade	Flesh Wash		4	14
Light Tone	Seraphim Sepia	Sepia Wash		4	15
Dark Tone	Nuln Oil	Black Wash		4	16
Mid Brown	Agrax/ Reikland	Umber Wash		4	17
Strong Tone	Agrax Earthshade	Umber Wash		4	18
Purple Tone	Druchii Violet	N/A		4	19
Green Tone	Beil-Tan Green	Green Wash		4	20
Military Shader	Athonian Camoshade	N/A		4	21
Blue Tone	Drakenhof Nightshade	Blue Wash		4	22
Soft Tone	Seraphim/Agrax	Sepia/Umber Wash		4	23
