brand,line,name,sku,hex,hex_source,paint_type,refs
AK Interactive,Legacy Acrylics,Waffen Fall/Winter Brown Spots,AK3055,#A3997E,community_chart,acrylic,3
AK Interactive,Legacy Acrylics,M-42 Uniform Green Ochre Khaki,AK3072,#F9B72D,community_chart,acrylic,1
AK Interactive,Legacy Acrylics,Field Grey Base 2,AK3142,#525832,community_chart,acrylic,2
AK Interactive,Legacy Acrylics,J3 Hai-Iro (Grey),AK2061,#828771,community_chart,acrylic,3
AK Interactive,Legacy Acrylics,US Field Drab,AK3075,#B3772E,community_chart,acrylic,2
AK Interactive,Legacy Acrylics,RAL 8031 F9 German Sand Beige,AK728,#BAAC7D,community_chart,acrylic,2
AK Interactive,Legacy Acrylics,FS 34258 Green,AK2153,#80915A,community_chart,acrylic,3
AK Interactive,Legacy Acrylics,FS 35450 Air Superiority Blue,AK2145,#6E7A90,community_chart,acrylic,3
AK Interactive,Legacy Acrylics,D1 Deep Green Black,AK2063,#181F18,community_chart,acrylic,4
AK Interactive,Legacy Acrylics,Waffen Spring Summer base,AK3061,#62443A,community_chart,acrylic,1
AK Interactive,Legacy Acrylics,FS 36251 Agressor Grey,AK2142,#75807C,community_chart,acrylic,2
AK Interactive,Legacy Acrylics,WWI French Green#1,AK4054,#7B7F6E,community_chart,acrylic,1
Vallejo,Panzer Aces,Japanese Tank Crew,70.328,#5C5632,community_chart,acrylic,26
Vallejo,Panzer Aces,US Army Tank Crew,70.318,#79684E,community_chart,acrylic,22
AK Interactive,Legacy Acrylics,BSC. Nº 34 Slate,AK4033,#7F8577,community_chart,acrylic,1
Vallejo,Panzer Aces,Flesh Base,70.341,#A4531E,community_chart,acrylic,5
AK Interactive,Legacy Acrylics,WWI British Khaki Brown Base,AK4042,#917B70,community_chart,acrylic,1
Vallejo,Panzer Aces,Leather Belt,70.312,#665249,community_chart,acrylic,20
Vallejo,Panzer Aces,Yellowish Rust,70.303,#BE8B5C,community_chart,acrylic,6
Vallejo,Panzer Aces,Dark Rust,70.302,#4F4442,community_chart,acrylic,21
AK Interactive,Legacy Acrylics,RAL 8017 Schokobraun,AK718,#453424,community_chart,acrylic,1
Vallejo,Panzer Aces,German Tankcrew Black,70.333,#3D3F3A,community_chart,acrylic,18
AK Interactive,Legacy Acrylics,FS 33613 Radome Tan,AK2053,#EDB94C,community_chart,acrylic,1
AK Interactive,Legacy Acrylics,RAL Cremeweiss,AK092,#E6DB9B,community_chart,acrylic,1
Vallejo,Panzer Aces,Flesh Shadows,70.343,#571715,community_chart,acrylic,7
Vallejo,Panzer Aces,Splinter Strips,70.348,#4F684B,community_chart,acrylic,22
AK Interactive,Legacy Acrylics,FS 36118 Medium Gunship Grey,AK2144,#4A5664,community_chart,auxiliary,1
Vallejo,Panzer Aces,Light Rust,70.301,#87431E,community_chart,acrylic,4
AK Interactive,Legacy Acrylics,M-485 Light Gray,AK2231,#969787,community_chart,acrylic,1
AK Interactive,Legacy Acrylics,RAL 8020 Gelbbraun,AK700,#D6AF6E,community_chart,acrylic,1
Vallejo,Panzer Aces,German Tank Crew II Highlights,70.339,#96785C,community_chart,acrylic,26
AK Interactive,Legacy Acrylics,Oif & Oef &#8211; Us Vehicles Base Color,AK122,#B8A178,community_chart,acrylic,1
Vallejo,Panzer Aces,German White Tank Crew,70.344,#E0E0D8,community_chart,acrylic,4
AK Interactive,Legacy Acrylics,Light Green Nº1 (FS34151),AK4214,#737A2D,community_chart,acrylic,1
Vallejo,Panzer Aces,Highlight Japanese Tank Crew,70.332,#9B9070,community_chart,acrylic,13
AK Interactive,Legacy Acrylics,BSC. Nº 61 Light stone,AK4034,#EFD0A2,community_chart,acrylic,1
AK Interactive,Legacy Acrylics,RAL 8031 F9 German Sand Brown,AK727,#C8946F,community_chart,acrylic,1
Vallejo,Panzer Aces,Canvas,70.314,#6E6554,community_chart,acrylic,7
Vallejo,Panzer Aces,Splinter Blotches II,70.347,#68543B,community_chart,acrylic,5
AK Interactive,Legacy Acrylics,FS 36176 F-15 Dark Grey,AK2143,#6E7A90,community_chart,acrylic,1
AK Interactive,Legacy Acrylics,FS 36270 Medium Grey,AK2141,#767F86,community_chart,auxiliary,1
AK Interactive,Legacy Acrylics,FS 17875 White,AK2052,#FBFBFB,community_chart,acrylic,1
Vallejo,Panzer Aces,German Tank Crew Highlights,70.337,#3F291C,community_chart,acrylic,6
Vallejo,Panzer Aces,Old Wood,70.310,#AD9C70,community_chart,acrylic,7
Vallejo,Panzer Aces,Russian Tank Crew II,70.326,#68604B,community_chart,acrylic,16
AK Interactive,Legacy Acrylics,Ohryuko Nana Go Shoru (Olive Brown),AK2263,#4F482B,community_chart,acrylic,1
AK Interactive,Legacy Acrylics,BSC. Nº 64 Portland Stone,AK4031,#FFFFDC,community_chart,acrylic,1
AK Interactive,Legacy Acrylics,FS 36622 Camouflage Grey,AK2104,#A19E8D,community_chart,acrylic,1
AK Interactive,Legacy Acrylics,Dark Sea Blue,AK2234,#082533,community_chart,acrylic,1
AK Interactive,Legacy Acrylics,J3 Sp (Amber Grey),AK2062,#817742,community_chart,acrylic,1
Vallejo,Panzer Aces,Dark Rubber,70.306,#000000,community_chart,acrylic,32
AK Interactive,Legacy Acrylics,AMT-7 (A-28m) Light Blue,AK2244,#688490,community_chart,acrylic,1
AK Interactive,Legacy Acrylics,D2 Green Black,AK2064,#1A2423,community_chart,acrylic,1
AK Interactive,Legacy Acrylics,Hairyokushoku (Grey-Green),AK2261,#A7A898,community_chart,acrylic,1
AK Interactive,Legacy Acrylics,FS 33531 Sand,AK2151,#DAC1A3,community_chart,acrylic,1
AK Interactive,Legacy Acrylics,FS 35622 Light Blue,AK2154,#CDDBCE,community_chart,acrylic,1
AK Interactive,Legacy Acrylics,Khaki green Nº3 (New sevice color),AK4035,#726D5A,community_chart,acrylic,1
AK Interactive,Legacy Acrylics,FS 16473 Adc Grey,AK2146,#AEBBC1,community_chart,acrylic,1
AK Interactive,Legacy Acrylics,BSC. Nº 28 Silver grey,AK4032,#B3B89A,community_chart,acrylic,1
Vallejo,Panzer Aces,Stencil,70.313,#E0E0D8,community_chart,acrylic,3
Vallejo,Panzer Aces,Russian Tank Crew II Highlights,70.330,#70793A,community_chart,acrylic,3
Vallejo,Panzer Aces,Track Primer,70.304,#5B5652,community_chart,auxiliary,2
AK Interactive,Legacy Acrylics,Ak3002 Black Uniform Base,AK3002,#2A2319,community_chart,acrylic,1
Vallejo,Panzer Aces,German Red Tail Light,70.307,#4E3227,community_chart,acrylic,2
Vallejo,Panzer Aces,Periscopes,70.309,#3B4D5B,community_chart,acrylic,2
AK Interactive,Legacy Acrylics,Russian Blue Base/Dark Blue,AK3125,#31343B,community_chart,acrylic,1
Vallejo,Panzer Aces,Light Mud,70.315,#ACA378,community_chart,acrylic,3
Vallejo,Panzer Aces,British Tank Crew,70.317,#756E54,community_chart,acrylic,2
AK Interactive,Legacy Acrylics,WWI British Uniform Base,AK3081,#8C837A,community_chart,acrylic,1
Vallejo,Panzer Aces,British Tank Crew Highlights,70.321,#EAC284,community_chart,acrylic,3
AK Interactive,Legacy Acrylics,WWI British Uniform Light,AK3082,#AE997A,community_chart,acrylic,1
Vallejo,Panzer Aces,Italian Tank Crew,70.327,#4B471A,community_chart,acrylic,2
Vallejo,Panzer Aces,Highlight Italian Tank Crew,70.331,#C5D9B4,community_chart,acrylic,2
AK Interactive,Legacy Acrylics,Khaki / Splittermuster Base,AK3041,#59553A,community_chart,acrylic,1
AK Interactive,Legacy Acrylics,Waffen Fall/Winter Shadow Base/Brown Black,AK3056,#302C2B,community_chart,acrylic,1
Vallejo,Panzer Aces,German Tank Crew II,70.335,#473D24,community_chart,acrylic,2
Vallejo,Panzer Aces,Afrikakorps Tank Crew,70.336,#6E705B,community_chart,acrylic,3
AK Interactive,Legacy Acrylics,Green Uniform Lights,AK3115,#595A32,community_chart,acrylic,1
Vallejo,Panzer Aces,German Tank Crew I Highlights,70.338,#59776F,community_chart,acrylic,2
AK Interactive,Legacy Acrylics,German Grey Uniform Light,AK3146,#717B7C,community_chart,acrylic,1
AK Interactive,Legacy Acrylics,Global Light Shade/Tan,AK3026,#A89779,community_chart,wash,1
Vallejo,Panzer Aces,Flesh Highlights,70.342,#FAD3AA,community_chart,acrylic,2
AK Interactive,Legacy Acrylics,Red Brown Leather,AK3073,#AE4D3A,community_chart,acrylic,1
AK Interactive,Legacy Acrylics,M-44 Midtone Green Dots/Medium Green,AK3025,#505944,community_chart,auxiliary,1
